Date,Predicted Close Price,Actual Close Price,CI Lower Bound,CI Upper Bound
2024-09-20,193.8,190.9199981689453,132.71966393130754,254.8803360686925
2024-09-21,134.4,136.74400329589844,73.31966393130753,195.48033606869248
2024-09-22,141.9,142.69000244140625,80.81966393130753,202.98033606869248
2024-09-23,133.8,133.65899658203125,72.71966393130754,194.8803360686925
2024-09-24,211.2,208.8370056152344,150.1196639313075,272.28033606869246
2024-09-25,192.0,191.2449951171875,130.91966393130753,253.08033606869247
2024-09-26,201.9,200.9499969482422,140.81966393130753,262.9803360686925
2024-09-27,193.3,192.72000122070312,132.21966393130754,254.3803360686925
2024-09-28,132.2,133.64999389648438,71.11966393130751,193.28033606869246
2024-09-29,149.9,150.7100067138672,88.81966393130753,210.98033606869248
2024-09-30,186.9,186.27999877929688,125.81966393130753,247.98033606869248
2024-10-01,169.4,166.69200134277344,108.31966393130753,230.48033606869248
2024-10-02,166.0,164.9949951171875,104.91966393130753,227.08033606869247
2024-10-03,158.2,159.0760040283203,97.11966393130751,219.28033606869246
2024-10-04,133.1,134.22000122070312,72.01966393130752,194.18033606869247
2024-10-05,159.9,159.33299255371094,98.81966393130753,220.98033606869248
2024-10-06,143.1,146.91000366210938,82.01966393130752,204.18033606869247
2024-10-07,152.3,152.59100341796875,91.21966393130754,213.3803360686925
2024-10-08,132.5,133.6300048828125,71.41966393130753,193.58033606869247
2024-10-09,152.9,152.68499755859375,91.81966393130753,213.98033606869248
2024-10-10,121.9,123.5270004272461,60.819663931307524,182.98033606869248
2024-10-11,188.2,189.8040008544922,127.11966393130751,249.28033606869246
2024-10-12,182.2,182.2480010986328,121.11966393130751,243.28033606869246
2024-10-13,121.4,121.36900329589844,60.319663931307524,182.48033606869248
2024-10-14,133.7,138.35699462890625,72.61966393130751,194.78033606869246
2024-10-15,144.8,144.072998046875,83.71966393130754,205.8803360686925
2024-10-16,185.3,186.8500061035156,124.21966393130754,246.3803360686925
2024-10-17,195.1,195.7100067138672,134.01966393130752,256.1803360686925
2024-10-18,135.3,135.3979949951172,74.21966393130754,196.3803360686925
2024-10-19,160.7,158.9810028076172,99.61966393130751,221.78033606869246
2024-10-20,132.7,131.3800048828125,71.61966393130751,193.78033606869246
2024-10-21,173.7,174.49200439453125,112.61966393130751,234.78033606869246
2024-10-22,186.5,189.54800415039065,125.41966393130753,247.58033606869247
2024-10-23,162.2,163.1919403076172,101.11966393130751,223.28033606869246
2024-10-24,119.7,119.7030029296875,58.61966393130752,180.7803360686925
2024-10-25,197.9,199.1699981689453,136.81966393130753,258.9803360686925
2024-10-26,231.7,232.67999267578125,170.6196639313075,292.78033606869246
2024-10-27,194.8,194.58999633789065,133.71966393130754,255.8803360686925
2024-10-28,201.6,202.5399932861328,140.51966393130752,262.6803360686925
2024-10-29,161.3,155.58099365234375,100.21966393130754,222.3803360686925
2024-10-30,171.8,172.47999572753906,110.71966393130754,232.8803360686925
2024-10-31,209.8,213.1999969482422,148.71966393130754,270.8803360686925
2024-11-01,138.5,137.71099853515625,77.41966393130753,199.58033606869247
2024-11-02,204.3,203.6199951171875,143.21966393130754,265.3803360686925
2024-11-03,158.8,158.02000427246094,97.71966393130754,219.8803360686925
2024-11-04,153.8,155.76400756835938,92.71966393130754,214.8803360686925
2024-11-05,119.7,120.12899780273438,58.61966393130752,180.7803360686925
2024-11-06,135.0,136.4149932861328,73.91966393130753,196.08033606869247
2024-11-07,146.3,142.94700622558594,85.21966393130754,207.3803360686925
2024-11-08,131.1,128.48599243164062,70.01966393130752,192.18033606869247
2024-11-09,140.0,143.35000610351562,78.91966393130753,201.08033606869247
2024-11-10,190.6,192.1000061035156,129.51966393130752,251.68033606869247
2024-11-11,142.2,144.4199981689453,81.11966393130751,203.28033606869246
2024-11-12,188.6,188.58999633789065,127.51966393130752,249.68033606869247
2024-11-13,139.7,139.02999877929688,78.61966393130751,200.78033606869246
2024-11-14,196.9,197.0500030517578,135.81966393130753,257.9803360686925
2024-11-15,139.2,137.69000244140625,78.11966393130751,200.28033606869246
2024-11-16,131.8,131.65499877929688,70.71966393130754,192.8803360686925
2024-11-17,141.7,141.21800231933594,80.61966393130751,202.78033606869246
2024-11-18,208.5,204.63999938964844,147.41966393130753,269.5803360686925
2024-11-19,167.7,165.74400329589844,106.61966393130751,228.78033606869246
2024-11-20,133.0,134.35699462890625,71.91966393130753,194.08033606869247
2024-11-21,222.7,222.1000061035156,161.6196639313075,283.78033606869246
2024-11-22,125.0,125.06400299072266,63.91966393130752,186.08033606869247
2024-11-23,149.0,149.9429931640625,87.91966393130753,210.08033606869247
2024-11-24,127.2,127.3769989013672,66.11966393130751,188.2803360686925
2024-11-25,143.7,143.05999755859375,82.61966393130751,204.78033606869246
2024-11-26,143.5,142.14500427246094,82.41966393130753,204.58033606869247
2024-11-27,145.0,146.4149932861328,83.91966393130753,206.08033606869247
2024-11-28,142.0,140.60400390625,80.91966393130753,203.08033606869247
2024-11-29,131.2,132.11900329589844,70.11966393130751,192.28033606869246
2024-11-30,187.0,185.8090057373047,125.91966393130753,248.08033606869247
2024-12-01,225.1,226.1300048828125,164.01966393130752,286.1803360686925
2024-12-02,144.5,145.30799865722656,83.41966393130753,205.58033606869247
2024-12-03,140.9,141.8280029296875,79.81966393130753,201.98033606869248
2024-12-04,132.8,134.7550048828125,71.71966393130754,193.8803360686925
2024-12-05,170.3,170.7480010986328,109.21966393130754,231.3803360686925
2024-12-06,142.4,136.00999450683594,81.31966393130753,203.48033606869248
2024-12-07,222.9,223.5800018310547,161.81966393130753,283.9803360686925
2024-12-08,122.0,123.0,60.91966393130752,183.08033606869247
2024-12-09,158.2,158.6219940185547,97.11966393130751,219.28033606869246
2024-12-10,121.5,120.93000030517578,60.41966393130752,182.58033606869247
2024-12-11,201.5,201.82000732421875,140.41966393130753,262.5803360686925
2024-12-12,164.7,167.24600219726562,103.61966393130751,225.78033606869246
2024-12-13,162.4,161.98199462890625,101.31966393130753,223.48033606869248
2024-12-14,154.1,153.8470001220703,93.01966393130752,215.18033606869247
2024-12-15,172.5,174.7469940185547,111.41966393130753,233.58033606869247
2024-12-16,202.1,202.25999450683597,141.01966393130752,263.1803360686925
2024-12-17,127.8,126.7699966430664,66.71966393130751,188.8803360686925
2024-12-18,133.7,134.18299865722656,72.61966393130751,194.78033606869246
2024-12-19,171.8,172.11399841308594,110.71966393130754,232.8803360686925
2024-12-20,144.5,143.28399658203125,83.41966393130753,205.58033606869247
2024-12-21,202.7,202.1300048828125,141.6196639313075,263.78033606869246
2024-12-22,237.6,237.2100067138672,176.51966393130752,298.6803360686925
2024-12-23,181.3,183.53399658203125,120.21966393130754,242.3803360686925
2024-12-24,168.6,166.13999938964844,107.51966393130752,229.68033606869247
2024-12-25,147.8,146.22999572753906,86.71966393130754,208.8803360686925
2024-12-26,138.3,139.8209991455078,77.21966393130754,199.3803360686925
2024-12-27,153.5,155.77000427246094,92.41966393130753,214.58033606869247
2024-12-28,133.9,131.65899658203125,72.81966393130753,194.98033606869248
2024-12-29,133.1,133.62399291992188,72.01966393130752,194.18033606869247
2024-12-30,132.2,132.41700744628906,71.11966393130751,193.28033606869246
2024-12-31,148.7,148.9709930419922,87.61966393130751,209.78033606869246
2025-01-01,142.5,141.03700256347656,81.41966393130753,203.58033606869247
2025-01-02,198.9,197.8800048828125,137.81966393130753,259.9803360686925
2025-01-03,172.1,171.14599609375,111.01966393130752,233.18033606869247
2025-01-04,143.1,142.8470001220703,82.01966393130752,204.18033606869247
2025-01-05,145.5,147.35000610351562,84.41966393130753,206.58033606869247
2025-01-06,220.8,220.8999938964844,159.71966393130754,281.8803360686925
2025-01-07,221.4,221.6499938964844,160.31966393130753,282.4803360686925
2025-01-08,142.5,145.20899963378906,81.41966393130753,203.58033606869247
2025-01-09,192.6,193.3600006103516,131.51966393130752,253.68033606869247
2025-01-10,151.8,149.6699981689453,90.71966393130754,212.8803360686925
2025-01-11,177.5,177.5,116.41966393130753,238.58033606869247
2025-01-12,150.6,150.2899932861328,89.51966393130752,211.68033606869247
2025-01-13,134.4,132.84100341796875,73.31966393130753,195.48033606869248
2025-01-14,137.5,137.50799560546875,76.41966393130753,198.58033606869247
2025-01-15,187.2,187.0249938964844,126.11966393130751,248.28033606869246
2025-01-16,181.6,180.04100036621094,120.51966393130752,242.68033606869247
2025-01-17,194.2,193.4600067138672,133.1196639313075,255.28033606869246
2025-01-18,206.2,208.44000244140625,145.1196639313075,267.28033606869246
2025-01-19,152.9,152.72500610351562,91.81966393130753,213.98033606869248
2025-01-20,150.0,149.14599609375,88.91966393130753,211.08033606869247
2025-01-21,190.4,190.33999633789065,129.31966393130753,251.48033606869248
2025-01-22,201.0,201.5500030517578,139.91966393130753,262.0803360686925
2025-01-23,195.1,194.22000122070312,134.01966393130752,256.1803360686925
2025-01-24,168.5,168.3300018310547,107.41966393130753,229.58033606869247
2025-01-25,208.8,208.6999969482422,147.71966393130754,269.8803360686925
2025-01-26,132.7,133.39999389648438,71.61966393130751,193.78033606869246
2025-01-27,169.6,168.61000061035156,108.51966393130752,230.68033606869247
2025-01-28,122.5,124.5719985961914,61.41966393130752,183.58033606869247
2025-01-29,196.3,196.2100067138672,135.21966393130754,257.3803360686925
2025-01-30,204.9,205.32000732421875,143.81966393130753,265.9803360686925
2025-01-31,131.5,132.54100036621094,70.41966393130753,192.58033606869247
2025-02-01,145.8,147.4739990234375,84.71966393130754,206.8803360686925
2025-02-02,149.5,148.99000549316406,88.41966393130753,210.58033606869247
2025-02-03,158.0,159.93800354003906,96.91966393130753,219.08033606869247
2025-02-04,122.6,122.58999633789062,61.51966393130751,183.68033606869247
2025-02-05,127.7,129.27999877929688,66.61966393130751,188.7803360686925
2025-02-06,210.6,211.55999755859372,149.51966393130752,271.6803360686925
2025-02-07,223.5,221.6199951171875,162.41966393130753,284.5803360686925
2025-02-08,133.6,135.1300048828125,72.51966393130752,194.68033606869247
2025-02-09,197.3,198.08999633789065,136.21966393130754,258.3803360686925
2025-02-10,132.9,132.73300170898438,71.81966393130753,193.98033606869248
2025-02-11,142.8,141.82000732421875,81.71966393130754,203.8803360686925
2025-02-12,134.0,133.21800231933594,72.91966393130753,195.08033606869247
2025-02-13,154.8,155.88900756835938,93.71966393130754,215.8803360686925
2025-02-14,231.1,237.63999938964844,170.01966393130752,292.1803360686925
2025-02-15,135.2,136.0500030517578,74.11966393130751,196.28033606869246
2025-02-16,132.2,132.5070037841797,71.11966393130751,193.28033606869246
2025-02-17,204.7,204.47999572753903,143.6196639313075,265.78033606869246
2025-02-18,130.7,131.86700439453125,69.61966393130751,191.78033606869246
2025-02-19,134.2,134.71800231933594,73.11966393130751,195.28033606869246
2025-02-20,151.7,151.81199645996094,90.61966393130751,212.78033606869246
2025-02-21,135.6,134.72000122070312,74.51966393130752,196.68033606869247
2025-02-22,164.2,167.20199584960938,103.11966393130751,225.28033606869246
2025-02-23,185.3,183.57699584960935,124.21966393130754,246.3803360686925
2025-02-24,152.4,149.61000061035156,91.31966393130753,213.48033606869248
2025-02-25,170.0,174.32200622558594,108.91966393130753,231.08033606869247
2025-02-26,182.6,171.8000030517578,121.51966393130752,243.68033606869247
2025-02-27,202.0,202.5399932861328,140.91966393130753,263.0803360686925
2025-02-28,137.7,134.78900146484375,76.61966393130751,198.78033606869246
2025-03-01,127.1,123.66999816894533,66.01966393130752,188.18033606869247
2025-03-02,248.1,246.88999938964844,187.01966393130752,309.1803360686925
2025-03-03,153.9,153.77499389648438,92.81966393130753,214.98033606869248
2025-03-04,145.7,145.6020050048828,84.61966393130751,206.78033606869246
2025-03-05,148.8,149.83799743652344,87.71966393130754,209.8803360686925
2025-03-06,173.0,173.0279998779297,111.91966393130753,234.08033606869247
2025-03-07,124.7,124.98999786376952,63.61966393130752,185.7803360686925
2025-03-08,177.2,174.21099853515625,116.11966393130751,238.28033606869246
2025-03-09,147.7,144.97900390625,86.61966393130751,208.78033606869246
2025-03-10,196.0,194.8600006103516,134.91966393130753,257.0803360686925
2025-03-11,154.3,155.1199951171875,93.21966393130754,215.3803360686925
2025-03-12,139.3,138.9199981689453,78.21966393130754,200.3803360686925
2025-03-13,140.1,139.1999969482422,79.01966393130752,201.18033606869247
2025-03-14,156.4,156.39199829101562,95.31966393130753,217.48033606869248
2025-03-15,219.9,219.3300018310547,158.81966393130753,280.9803360686925
2025-03-16,139.8,139.822998046875,78.71966393130754,200.8803360686925
2025-03-17,193.2,193.88999938964844,132.1196639313075,254.28033606869246
2025-03-18,136.1,136.51300048828125,75.01966393130752,197.18033606869247
2025-03-19,193.7,193.2239990234375,132.6196639313075,254.78033606869246
2025-03-20,153.1,153.822998046875,92.01966393130752,214.18033606869247
2025-03-21,194.7,191.5200042724609,133.6196639313075,255.78033606869246
2025-03-22,153.4,155.6060028076172,92.31966393130753,214.48033606869248
2025-03-23,166.7,169.1300048828125,105.61966393130751,227.78033606869246
2025-03-24,190.1,188.8000030517578,129.01966393130752,251.18033606869247
2025-03-25,185.8,184.78599548339844,124.71966393130754,246.8803360686925
2025-03-26,192.6,191.1529998779297,131.51966393130752,253.68033606869247
2025-03-27,180.3,178.031005859375,119.21966393130754,241.3803360686925
2025-03-28,202.6,203.1699981689453,141.51966393130752,263.6803360686925
2025-03-29,151.6,151.69400024414062,90.51966393130752,212.68033606869247
2025-03-30,170.6,169.09800720214844,109.51966393130752,231.68033606869247
2025-03-31,120.5,120.25800323486328,59.41966393130752,181.58033606869247
2025-04-01,144.2,144.5800018310547,83.11966393130751,205.28033606869246
2025-04-02,121.5,122.697998046875,60.41966393130752,182.58033606869247
2025-04-03,190.1,189.84800720214844,129.01966393130752,251.18033606869247
2025-04-04,237.4,237.9199981689453,176.31966393130753,298.4803360686925
2025-04-05,151.8,152.65199279785156,90.71966393130754,212.8803360686925
2025-04-06,165.6,166.3509979248047,104.51966393130752,226.68033606869247
2025-04-07,156.9,157.72999572753906,95.81966393130753,217.98033606869248
2025-04-08,183.8,177.63900756835938,122.71966393130754,244.8803360686925
2025-04-09,200.2,201.2700042724609,139.1196639313075,261.28033606869246
2025-04-10,210.8,211.17999267578125,149.71966393130754,271.8803360686925
2025-04-11,158.9,159.7480010986328,97.81966393130753,219.98033606869248
2025-04-12,228.3,230.97999572753903,167.21966393130754,289.3803360686925
2025-04-13,169.2,171.36199951171875,108.11966393130751,230.28033606869246
2025-04-14,198.5,200.22999572753903,137.41966393130753,259.5803360686925
2025-04-15,120.8,120.74400329589844,59.719663931307515,181.8803360686925
2025-04-16,201.4,199.97000122070312,140.31966393130753,262.4803360686925
2025-04-17,132.2,126.50700378417967,71.11966393130751,193.28033606869246
2025-04-18,130.3,131.75,69.21966393130754,191.3803360686925
2025-04-19,205.6,206.4499969482422,144.51966393130752,266.6803360686925
2025-04-20,131.7,132.2239990234375,70.61966393130751,192.78033606869246
2025-04-21,166.6,166.29800415039062,105.51966393130752,227.68033606869247
2025-04-22,134.6,135.06100463867188,73.51966393130752,195.68033606869247
2025-04-23,126.6,126.4520034790039,65.51966393130752,187.68033606869247
2025-04-24,146.6,145.99000549316406,85.51966393130752,207.68033606869247
2025-04-25,222.1,222.08999633789065,161.01966393130752,283.1803360686925
2025-04-26,195.6,197.44000244140625,134.51966393130752,256.6803360686925
2025-04-27,192.6,191.00999450683597,131.51966393130752,253.68033606869247
2025-04-28,129.3,128.1199951171875,68.21966393130754,190.3803360686925
2025-04-29,199.2,199.30999755859372,138.1196639313075,260.28033606869246
2025-04-30,220.4,221.00999450683597,159.31966393130753,281.4803360686925
2025-05-01,133.9,136.10800170898438,72.81966393130753,194.98033606869248
2025-05-02,144.0,142.21800231933594,82.91966393130753,205.08033606869247
2025-05-03,134.3,133.3699951171875,73.21966393130754,195.3803360686925
2025-05-04,184.6,184.59300231933597,123.51966393130752,245.68033606869247
2025-05-05,148.4,144.92999267578125,87.31966393130753,209.48033606869248
2025-05-06,196.3,192.46099853515625,135.21966393130754,257.3803360686925
2025-05-07,150.8,149.27999877929688,89.71966393130754,211.8803360686925
2025-05-08,129.0,130.10000610351562,67.91966393130753,190.08033606869247
2025-05-09,238.9,237.19000244140625,177.81966393130753,299.9803360686925
2025-05-10,196.7,195.07000732421875,135.6196639313075,257.78033606869246
2025-05-11,160.1,161.6300048828125,99.01966393130752,221.18033606869247
2025-05-12,200.7,200.3500061035156,139.6196639313075,261.78033606869246
2025-05-13,196.2,194.6499938964844,135.1196639313075,257.28033606869246
2025-05-14,141.0,140.5570068359375,79.91966393130753,202.08033606869247
2025-05-15,120.6,120.3499984741211,59.51966393130751,181.68033606869247
2025-05-16,132.3,133.10000610351562,71.21966393130754,193.3803360686925
2025-05-17,135.9,133.70799255371094,74.81966393130753,196.98033606869248
2025-05-18,161.1,161.19200134277344,100.01966393130752,222.18033606869247
2025-05-19,195.8,195.66000366210935,134.71966393130754,256.8803360686925
2025-05-20,164.2,163.57699584960938,103.11966393130751,225.28033606869246
2025-05-21,167.6,167.87399291992188,106.51966393130752,228.68033606869247
2025-05-22,140.7,140.6959991455078,79.61966393130751,201.78033606869246
2025-05-23,150.0,149.3730010986328,88.91966393130753,211.08033606869247
2025-05-24,138.8,140.9499969482422,77.71966393130754,199.8803360686925
2025-05-25,198.7,199.6499938964844,137.6196639313075,259.78033606869246
2025-05-26,129.1,129.29299926757812,68.01966393130752,190.18033606869247
2025-05-27,151.3,150.94700622558594,90.21966393130754,212.3803360686925
2025-05-28,143.3,142.12899780273438,82.21966393130754,204.3803360686925
2025-05-29,137.8,136.1179962158203,76.71966393130754,198.8803360686925
2025-05-30,149.9,149.55599975585938,88.81966393130753,210.98033606869248
2025-05-31,200.4,199.78599548339844,139.31966393130753,261.4803360686925
2025-06-01,140.5,141.27999877929688,79.41966393130753,201.58033606869247
2025-06-02,146.3,142.5780029296875,85.21966393130754,207.3803360686925
2025-06-03,127.7,125.0790023803711,66.61966393130751,188.7803360686925
2025-06-04,234.2,236.5500030517578,173.1196639313075,295.28033606869246
2025-06-05,154.7,156.3040008544922,93.61966393130751,215.78033606869246
2025-06-06,158.0,156.8699951171875,96.91966393130753,219.08033606869247
2025-06-07,216.6,219.58999633789065,155.51966393130752,277.6803360686925
2025-06-08,142.5,142.3699951171875,81.41966393130753,203.58033606869247
2025-06-09,197.5,200.8699951171875,136.41966393130753,258.5803360686925
2025-06-10,151.0,151.42300415039062,89.91966393130753,212.08033606869247
2025-06-11,137.4,138.6300048828125,76.31966393130753,198.48033606869248
2025-06-12,137.1,135.94000244140625,76.01966393130752,198.18033606869247
2025-06-13,133.3,137.3419952392578,72.21966393130754,194.3803360686925
2025-06-14,240.2,238.1999969482422,179.1196639313075,301.28033606869246
2025-06-15,182.0,179.85800170898438,120.91966393130753,243.08033606869247
2025-06-16,152.3,154.36000061035156,91.21966393130754,213.3803360686925
2025-06-17,153.0,152.75399780273438,91.91966393130753,214.08033606869247
2025-06-18,196.0,196.13999938964844,134.91966393130753,257.0803360686925
2025-06-19,144.8,144.19000244140625,83.71966393130754,205.8803360686925
2025-06-20,141.8,141.19700622558594,80.71966393130754,202.8803360686925
2025-06-21,130.9,129.11000061035156,69.81966393130753,191.98033606869248
2025-06-22,138.6,137.7790069580078,77.51966393130752,199.68033606869247
2025-06-23,138.7,138.11199951171875,77.61966393130751,199.78033606869246
2025-06-24,223.0,221.94000244140625,161.91966393130753,284.0803360686925
2025-06-25,126.0,126.08999633789062,64.91966393130753,187.08033606869247
2025-06-26,141.7,141.3280029296875,80.61966393130751,202.78033606869246
2025-06-27,204.6,204.25,143.51966393130752,265.6803360686925
2025-06-28,201.6,201.63999938964844,140.51966393130752,262.6803360686925
2025-06-29,203.9,202.72999572753903,142.81966393130753,264.9803360686925
2025-06-30,151.2,149.8800048828125,90.11966393130751,212.28033606869246
2025-07-01,172.8,172.93299865722656,111.71966393130754,233.8803360686925
2025-07-02,133.2,134.1300048828125,72.11966393130751,194.28033606869246
2025-07-03,127.0,125.49400329589844,65.91966393130753,188.08033606869247
2025-07-04,151.8,152.76699829101562,90.71966393130754,212.8803360686925
2025-07-05,185.4,184.9199981689453,124.31966393130753,246.48033606869248
2025-07-06,144.9,145.3300018310547,83.81966393130753,205.98033606869248
2025-07-07,143.9,144.00999450683594,82.81966393130753,204.98033606869248
2025-07-08,152.6,152.6790008544922,91.51966393130752,213.68033606869247
2025-07-09,127.8,126.91899871826172,66.71966393130751,188.8803360686925
2025-07-10,133.3,133.2949981689453,72.21966393130754,194.3803360686925
2025-07-11,199.7,199.50999450683597,138.6196639313075,260.78033606869246
2025-07-12,130.5,130.87600708007812,69.41966393130753,191.58033606869247
2025-07-13,199.8,200.7700042724609,138.71966393130754,260.8803360686925
2025-07-14,160.7,160.42100524902344,99.61966393130751,221.78033606869246
2025-07-15,132.1,130.8489990234375,71.01966393130752,193.18033606869247
2025-07-16,229.8,234.63999938964844,168.71966393130754,290.8803360686925
2025-07-17,142.0,142.0500030517578,80.91966393130753,203.08033606869247
2025-07-18,141.8,139.73399353027344,80.71966393130754,202.8803360686925
2025-07-19,141.9,135.0,80.81966393130753,202.98033606869248
2025-07-20,196.6,198.13999938964844,135.51966393130752,257.6803360686925
2025-07-21,204.1,201.55999755859372,143.01966393130752,265.1803360686925
2025-07-22,140.2,138.92300415039062,79.11966393130751,201.28033606869246
2025-07-23,143.1,144.8350067138672,82.01966393130752,204.18033606869247
2025-07-24,131.6,131.76800537109375,70.51966393130752,192.68033606869247
2025-07-25,160.2,156.5050048828125,99.11966393130751,221.28033606869246
2025-07-26,137.1,136.125,76.01966393130752,198.18033606869247
2025-07-27,150.1,149.81100463867188,89.01966393130752,211.18033606869247
2025-07-28,155.3,158.0800018310547,94.21966393130754,216.3803360686925
2025-07-29,150.6,150.89300537109375,89.51966393130752,211.68033606869247
2025-07-30,129.1,126.93900299072266,68.01966393130752,190.18033606869247
2025-07-31,127.6,126.3499984741211,66.51966393130752,188.68033606869247
2025-08-01,135.0,135.7010040283203,73.91966393130753,196.08033606869247
2025-08-02,203.3,204.25999450683597,142.21966393130754,264.3803360686925
2025-08-03,124.0,123.91000366210938,62.91966393130752,185.08033606869247
2025-08-04,183.7,184.6080017089844,122.61966393130751,244.78033606869246
2025-08-05,148.7,150.08999633789062,87.61966393130751,209.78033606869246
2025-08-06,136.3,136.0399932861328,75.21966393130754,197.3803360686925
2025-08-07,154.7,154.45599365234375,93.61966393130751,215.78033606869246
2025-08-08,120.7,121.98899841308594,59.61966393130752,181.7803360686925
2025-08-09,134.5,133.80099487304688,73.41966393130753,195.58033606869247
2025-08-10,205.1,204.33999633789065,144.01966393130752,266.1803360686925
2025-08-11,134.6,135.7899932861328,73.51966393130752,195.68033606869247
2025-08-12,144.4,144.1479949951172,83.31966393130753,205.48033606869248
2025-08-13,193.2,191.7899932861328,132.1196639313075,254.28033606869246
2025-08-14,150.3,151.22000122070312,89.21966393130754,211.3803360686925
2025-08-15,210.2,211.2100067138672,149.1196639313075,271.28033606869246
2025-08-16,183.2,183.22000122070312,122.11966393130751,244.28033606869246
2025-08-17,205.0,207.38999938964844,143.91966393130753,266.0803360686925
2025-08-18,196.8,196.52999877929688,135.71966393130754,257.8803360686925
2025-08-19,140.4,134.48399353027344,79.31966393130753,201.48033606869248
2025-08-20,143.7,142.80599975585938,82.61966393130751,204.78033606869246
2025-08-21,135.4,135.70899963378906,74.31966393130753,196.48033606869248
2025-08-22,139.0,138.54100036621094,77.91966393130753,200.08033606869247
2025-08-23,131.6,131.41600036621094,70.51966393130752,192.68033606869247
2025-08-24,155.7,155.9499969482422,94.61966393130751,216.78033606869246
2025-08-25,140.5,141.2570037841797,79.41966393130753,201.58033606869247
2025-08-26,192.6,191.7400054931641,131.51966393130752,253.68033606869247
2025-08-27,149.9,149.0,88.81966393130753,210.98033606869248
2025-08-28,142.1,141.31700134277344,81.01966393130752,203.18033606869247
2025-08-29,143.3,141.68899536132812,82.21966393130754,204.3803360686925
2025-08-30,141.2,144.00900268554688,80.11966393130751,202.28033606869246
2025-08-31,144.1,144.21200561523438,83.01966393130752,205.18033606869247
2025-09-01,193.6,190.47000122070312,132.51966393130752,254.68033606869247
2025-09-02,131.1,131.55999755859375,70.01966393130752,192.18033606869247
2025-09-03,163.6,163.0570068359375,102.51966393130752,224.68033606869247
2025-09-04,151.7,151.21099853515625,90.61966393130751,212.78033606869246
2025-09-05,204.4,202.9199981689453,143.31966393130753,265.4803360686925
2025-09-06,142.2,141.69000244140625,81.11966393130751,203.28033606869246
2025-09-07,155.0,154.8000030517578,93.91966393130753,216.08033606869247
2025-09-08,149.8,151.63999938964844,88.71966393130754,210.8803360686925
2025-09-09,210.9,211.1750030517578,149.81966393130753,271.9803360686925
2025-09-10,136.0,135.3249969482422,74.91966393130753,197.08033606869247
2025-09-11,205.6,206.95599365234372,144.51966393130752,266.6803360686925
2025-09-12,151.5,149.61000061035156,90.41966393130753,212.58033606869247
2025-09-13,228.2,226.0850067138672,167.1196639313075,289.28033606869246
2025-09-14,187.6,186.0249938964844,126.51966393130752,248.68033606869247
2025-09-15,142.7,142.32899475097656,81.61966393130751,203.78033606869246
2025-09-16,167.8,169.86599731445312,106.71966393130754,228.8803360686925
2025-09-17,143.3,149.16000366210938,82.21966393130754,204.3803360686925
2025-09-18,143.0,141.87899780273438,81.91966393130753,204.08033606869247
2025-09-19,123.2,122.4499969482422,62.11966393130752,184.2803360686925
2025-09-20,141.7,140.46099853515625,80.61966393130751,202.78033606869246
2025-09-21,137.9,136.4340057373047,76.81966393130753,198.98033606869248
2025-09-22,214.0,216.25,152.91966393130753,275.0803360686925
2025-09-23,148.8,147.17100524902344,87.71966393130754,209.8803360686925
2025-09-24,144.5,145.78700256347656,83.41966393130753,205.58033606869247
2025-09-25,204.9,204.57000732421875,143.81966393130753,265.9803360686925
2025-09-26,151.0,149.3679962158203,89.91966393130753,212.08033606869247
2025-09-27,200.6,200.1100006103516,139.51966393130752,261.6803360686925
2025-09-28,137.0,136.8699951171875,75.91966393130753,198.08033606869247
2025-09-29,239.7,241.822998046875,178.6196639313075,300.78033606869246
2025-09-30,149.0,147.8179931640625,87.91966393130753,210.08033606869247
2025-10-01,140.5,139.8300018310547,79.41966393130753,201.58033606869247
2025-10-02,129.5,129.08999633789062,68.41966393130753,190.58033606869247
2025-10-03,166.9,171.2519989013672,105.81966393130753,227.98033606869248
2025-10-04,135.4,132.94000244140625,74.31966393130753,196.48033606869248
2025-10-05,186.8,186.1199951171875,125.71966393130754,247.8803360686925
2025-10-06,171.6,166.61199951171875,110.51966393130752,232.68033606869247
2025-10-07,166.2,165.6699981689453,105.11966393130751,227.28033606869246
2025-10-08,196.2,196.2700042724609,135.1196639313075,257.28033606869246
2025-10-09,123.5,122.3499984741211,62.41966393130752,184.58033606869247
2025-10-10,212.7,211.77999877929688,151.6196639313075,273.78033606869246
2025-10-11,240.7,240.30999755859372,179.6196639313075,301.78033606869246
2025-10-12,153.5,154.343994140625,92.41966393130753,214.58033606869247
2025-10-13,138.2,137.00100708007812,77.11966393130751,199.28033606869246
2025-10-14,205.1,206.38999938964844,144.01966393130752,266.1803360686925
2025-10-15,184.9,186.0330047607422,123.81966393130753,245.98033606869248
2025-10-16,162.3,161.4499969482422,101.21966393130754,223.3803360686925
2025-10-17,152.8,151.95452880859375,91.71966393130754,213.8803360686925
2025-10-18,137.5,135.91700744628906,76.41966393130753,198.58033606869247
2025-10-19,147.6,145.89549255371094,86.51966393130752,208.68033606869247
2025-10-20,143.1,142.1230010986328,82.01966393130752,204.18033606869247
2025-10-21,234.3,236.67999267578125,173.21966393130754,295.3803360686925
2025-10-22,182.3,184.1699981689453,121.21966393130754,243.3803360686925
2025-10-23,173.6,172.60000610351562,112.51966393130752,234.68033606869247
2025-10-24,126.5,127.91000366210938,65.41966393130753,187.58033606869247
2025-10-25,142.7,143.37600708007812,81.61966393130751,203.78033606869246
2025-10-26,171.4,170.49099731445312,110.31966393130753,232.48033606869248
2025-10-27,227.1,227.91000366210935,166.01966393130752,288.1803360686925
2025-10-28,148.3,147.13999938964844,87.21966393130754,209.3803360686925
2025-10-29,145.2,145.843994140625,84.11966393130751,206.28033606869246
2025-10-30,198.9,197.58999633789065,137.81966393130753,259.9803360686925
2025-10-31,157.9,157.00100708007812,96.81966393130753,218.98033606869248
2025-11-01,143.1,143.1179962158203,82.01966393130752,204.18033606869247
2025-11-02,168.9,167.89599609375,107.81966393130753,229.98033606869248
2025-11-03,163.3,162.59100341796875,102.21966393130754,224.3803360686925
2025-11-04,203.2,202.6999969482422,142.1196639313075,264.28033606869246
2025-11-05,200.8,203.22000122070312,139.71966393130754,261.8803360686925
2025-11-06,145.9,145.68899536132812,84.81966393130753,206.98033606869248
2025-11-07,142.4,141.58999633789062,81.31966393130753,203.48033606869248
2025-11-08,128.6,128.85000610351562,67.51966393130752,189.68033606869247
2025-11-09,173.6,174.1790008544922,112.51966393130752,234.68033606869247
2025-11-10,151.3,150.60899353027344,90.21966393130754,212.3803360686925
2025-11-11,157.3,158.0959930419922,96.21966393130754,218.3803360686925
2025-11-12,185.3,185.00999450683597,124.21966393130754,246.3803360686925
2025-11-13,127.8,129.39999389648438,66.71966393130751,188.8803360686925
2025-11-14,200.4,198.80999755859372,139.31966393130753,261.4803360686925
2025-11-15,140.6,140.55499267578125,79.51966393130752,201.68033606869247
2025-11-16,181.1,181.4429931640625,120.01966393130752,242.18033606869247
2025-11-17,171.2,170.36199951171875,110.11966393130751,232.28033606869246
2025-11-18,248.1,245.88999938964844,187.01966393130752,309.1803360686925
2025-11-19,174.7,180.23899841308597,113.61966393130751,235.78033606869246
2025-11-20,202.4,201.2700042724609,141.31966393130753,263.4803360686925
2025-11-21,129.0,129.20899963378906,67.91966393130753,190.08033606869247
2025-11-22,140.4,142.61000061035156,79.31966393130753,201.48033606869248
2025-11-23,186.0,186.6629943847656,124.91966393130753,247.08033606869247
2025-11-24,151.8,151.73300170898438,90.71966393130754,212.8803360686925
2025-11-25,182.2,182.14700317382807,121.11966393130751,243.28033606869246
2025-11-26,144.6,145.3730010986328,83.51966393130752,205.68033606869247
2025-11-27,140.8,140.19000244140625,79.71966393130754,201.8803360686925
2025-11-28,150.5,151.49000549316406,89.41966393130753,211.58033606869247
2025-11-29,122.4,121.8000030517578,61.319663931307524,183.48033606869248
2025-11-30,134.4,135.35000610351562,73.31966393130753,195.48033606869248
2025-12-01,151.1,150.46499633789062,90.01966393130752,212.18033606869247
2025-12-02,196.1,196.00999450683597,135.01966393130752,257.1803360686925
2025-12-03,223.6,226.0200042724609,162.51966393130752,284.6803360686925
2025-12-04,202.8,202.3300018310547,141.71966393130754,263.8803360686925
2025-12-05,143.8,142.9429931640625,82.71966393130754,204.8803360686925
2025-12-06,132.3,129.6529998779297,71.21966393130754,193.3803360686925
2025-12-07,205.2,207.66000366210935,144.1196639313075,266.28033606869246
2025-12-08,121.3,120.01000213623048,60.219663931307515,182.3803360686925
2025-12-09,124.9,124.38999938964844,63.819663931307524,185.98033606869248
2025-12-10,143.7,141.91000366210938,82.61966393130751,204.78033606869246
2025-12-11,210.3,208.25,149.21966393130754,271.3803360686925
2025-12-12,137.3,135.70199584960938,76.21966393130754,198.3803360686925
2025-12-13,136.0,133.83799743652344,74.91966393130753,197.08033606869247
2025-12-14,142.9,141.57000732421875,81.81966393130753,203.98033606869248
2025-12-15,128.4,129.60000610351562,67.31966393130753,189.48033606869248
2025-12-16,201.5,201.05999755859372,140.41966393130753,262.5803360686925
2025-12-17,166.3,167.07000732421875,105.21966393130754,227.3803360686925
2025-12-18,160.9,161.6959991455078,99.81966393130753,221.98033606869248
2025-12-19,205.8,205.4199981689453,144.71966393130754,266.8803360686925
2025-12-20,134.0,134.0489959716797,72.91966393130753,195.08033606869247
2025-12-21,185.8,188.49200439453125,124.71966393130754,246.8803360686925
2025-12-22,136.9,139.39700317382812,75.81966393130753,197.98033606869248
2025-12-23,138.1,139.83599853515625,77.01966393130752,199.18033606869247
2025-12-24,221.8,220.8999938964844,160.71966393130754,282.8803360686925
2025-12-25,237.5,238.75999450683597,176.41966393130753,298.5803360686925
2025-12-26,134.1,134.6929931640625,73.01966393130752,195.18033606869247
2025-12-27,122.0,119.91000366210938,60.91966393130752,183.08033606869247
2025-12-28,206.5,206.72000122070312,145.41966393130753,267.5803360686925
2025-12-29,143.1,142.38099670410156,82.01966393130752,204.18033606869247
2025-12-30,147.6,147.56100463867188,86.51966393130752,208.68033606869247
2025-12-31,206.6,204.5500030517578,145.51966393130752,267.6803360686925
2026-01-01,192.5,190.36399841308597,131.41966393130753,253.58033606869247
2026-01-02,122.2,121.9499969482422,61.11966393130752,183.2803360686925
2026-01-03,145.8,146.03399658203125,84.71966393130754,206.8803360686925
2026-01-04,155.9,155.99000549316406,94.81966393130753,216.98033606869248
2026-01-05,149.9,144.27999877929688,88.81966393130753,210.98033606869248
2026-01-06,150.1,150.3300018310547,89.01966393130752,211.18033606869247
2026-01-07,169.1,169.1320037841797,108.01966393130752,230.18033606869247
2026-01-08,142.9,141.91099548339844,81.81966393130753,203.98033606869248
2026-01-09,170.0,170.72500610351562,108.91966393130753,231.08033606869247
2026-01-10,133.7,134.76199340820312,72.61966393130751,194.78033606869246
2026-01-11,222.2,222.8999938964844,161.1196639313075,283.28033606869246
2026-01-12,148.2,146.0570068359375,87.11966393130751,209.28033606869246
2026-01-13,193.0,193.8999938964844,131.91966393130753,254.08033606869247
2026-01-14,131.4,132.63099670410156,70.31966393130753,192.48033606869248
2026-01-15,196.0,195.5200042724609,134.91966393130753,257.0803360686925
2026-01-16,120.0,121.34700012207033,58.91966393130752,181.08033606869247
2026-01-17,171.1,172.14999389648438,110.01966393130752,232.18033606869247
2026-01-18,156.4,154.5240020751953,95.31966393130753,217.48033606869248
2026-01-19,180.2,179.92999267578125,119.11966393130751,241.28033606869246
2026-01-20,145.7,148.156005859375,84.61966393130751,206.78033606869246
2026-01-21,162.6,164.04600524902344,101.51966393130752,223.68033606869247
2026-01-22,196.7,195.58999633789065,135.6196639313075,257.78033606869246
2026-01-23,145.1,144.02000427246094,84.01966393130752,206.18033606869247
2026-01-24,133.9,132.11000061035156,72.81966393130753,194.98033606869248
2026-01-25,145.9,144.5279998779297,84.81966393130753,206.98033606869248
2026-01-26,152.5,152.46200561523438,91.41966393130753,213.58033606869247
2026-01-27,151.6,151.06100463867188,90.51966393130752,212.68033606869247
2026-01-28,194.5,194.8119964599609,133.41966393130753,255.58033606869247
2026-01-29,248.9,249.3600006103516,187.81966393130753,309.9803360686925
2026-01-30,160.3,158.8699951171875,99.21966393130754,221.3803360686925
2026-01-31,195.7,195.22999572753903,134.6196639313075,256.78033606869246
2026-02-01,144.8,143.43899536132812,83.71966393130754,205.8803360686925
2026-02-02,145.5,144.85000610351562,84.41966393130753,206.58033606869247
2026-02-03,133.4,132.31700134277344,72.31966393130753,194.48033606869248
2026-02-04,150.8,149.01499938964844,89.71966393130754,211.8803360686925
2026-02-05,157.4,157.5800018310547,96.31966393130753,218.48033606869248
2026-02-06,196.1,196.3500061035156,135.01966393130752,257.1803360686925
2026-02-07,129.0,128.06199645996094,67.91966393130753,190.08033606869247
2026-02-08,149.2,151.69400024414062,88.11966393130751,210.28033606869246
2026-02-09,149.6,150.13699340820312,88.51966393130752,210.68033606869247
2026-02-10,140.0,141.04299926757812,78.91966393130753,201.08033606869247
2026-02-11,128.5,127.69000244140624,67.41966393130753,189.58033606869247
2026-02-12,185.4,184.86700439453125,124.31966393130753,246.48033606869248
2026-02-13,229.9,232.91000366210935,168.81966393130753,290.9803360686925
2026-02-14,134.7,134.13499450683594,73.61966393130751,195.78033606869246
2026-02-15,178.5,178.28700256347656,117.41966393130753,239.58033606869247
2026-02-16,130.9,128.3300018310547,69.81966393130753,191.98033606869248
2026-02-17,203.6,202.07000732421875,142.51966393130752,264.6803360686925
2026-02-18,134.5,132.41700744628906,73.41966393130753,195.58033606869247
2026-02-19,147.8,147.11099243164062,86.71966393130754,208.8803360686925
2026-02-20,138.1,138.26699829101562,77.01966393130752,199.18033606869247
2026-02-21,143.9,143.781005859375,82.81966393130753,204.98033606869248
2026-02-22,136.5,135.60699462890625,75.41966393130753,197.58033606869247
2026-02-23,121.1,122.19499969482422,60.01966393130751,182.18033606869247
2026-02-24,156.7,157.13499450683594,95.61966393130751,217.78033606869246
2026-02-25,196.4,195.42999267578125,135.31966393130753,257.4803360686925
2026-02-26,142.4,144.25999450683594,81.31966393130753,203.48033606869248
2026-02-27,164.0,164.8470001220703,102.91966393130753,225.08033606869247
2026-02-28,141.6,140.48300170898438,80.51966393130752,202.68033606869247
2026-03-01,172.5,170.7050018310547,111.41966393130753,233.58033606869247
2026-03-02,156.1,161.1649932861328,95.01966393130752,217.18033606869247
2026-03-03,191.2,189.8000030517578,130.1196639313075,252.28033606869246
2026-03-04,132.3,130.20599365234375,71.21966393130754,193.3803360686925
2026-03-05,145.7,146.61000061035156,84.61966393130751,206.78033606869246
2026-03-06,149.6,149.8300018310547,88.51966393130752,210.68033606869247
2026-03-07,198.9,198.41000366210935,137.81966393130753,259.9803360686925
2026-03-08,162.3,163.85699462890625,101.21966393130754,223.3803360686925
2026-03-09,195.5,193.0200042724609,134.41966393130753,256.5803360686925
2026-03-10,130.2,123.5719985961914,69.11966393130751,191.28033606869246
2026-03-11,159.3,159.2480010986328,98.21966393130754,220.3803360686925
2026-03-12,127.7,128.02699279785156,66.61966393130751,188.7803360686925
2026-03-13,247.8,247.2899932861328,186.71966393130754,308.8803360686925
2026-03-14,186.4,184.5399932861328,125.31966393130753,247.48033606869248
2026-03-15,169.5,169.07000732421875,108.41966393130753,230.58033606869247
2026-03-16,134.5,134.24000549316406,73.41966393130753,195.58033606869247
2026-03-17,141.1,142.1699981689453,80.01966393130752,202.18033606869247
2026-03-18,133.0,134.93499755859375,71.91966393130753,194.08033606869247
2026-03-19,191.0,192.3999938964844,129.91966393130753,252.08033606869247
2026-03-20,130.5,129.8560028076172,69.41966393130753,191.58033606869247
2026-03-21,205.8,204.4900054931641,144.71966393130754,266.8803360686925
2026-03-22,119.9,119.56999969482422,58.819663931307524,180.98033606869248
2026-03-23,181.5,182.30999755859372,120.41966393130753,242.58033606869247
2026-03-24,153.1,155.0540008544922,92.01966393130752,214.18033606869247
2026-03-25,192.9,194.8699951171875,131.81966393130753,253.98033606869248
2026-03-26,183.5,184.4499969482422,122.41966393130753,244.58033606869247
2026-03-27,210.4,210.6499938964844,149.31966393130753,271.4803360686925
2026-03-28,164.6,163.10699462890625,103.51966393130752,225.68033606869247
2026-03-29,146.3,146.88900756835938,85.21966393130754,207.3803360686925
2026-03-30,127.0,127.43900299072266,65.91966393130753,188.08033606869247
2026-03-31,230.7,229.91000366210935,169.6196639313075,291.78033606869246
2026-04-01,227.1,225.6699981689453,166.01966393130752,288.1803360686925
2026-04-02,145.9,143.58599853515625,84.81966393130753,206.98033606869248
2026-04-03,198.5,196.57000732421875,137.41966393130753,259.5803360686925
2026-04-04,137.4,137.99400329589844,76.31966393130753,198.48033606869248
2026-04-05,139.8,133.42100524902344,78.71966393130754,200.8803360686925
2026-04-06,166.5,167.58399963378906,105.41966393130753,227.58033606869247
2026-04-07,173.6,173.73500061035156,112.51966393130752,234.68033606869247
2026-04-08,180.6,179.3979949951172,119.51966393130752,241.68033606869247
2026-04-09,130.3,129.69200134277344,69.21966393130754,191.3803360686925
2026-04-10,159.9,158.11199951171875,98.81966393130753,220.98033606869248
2026-04-11,160.2,160.27099609375,99.11966393130751,221.28033606869246
2026-04-12,201.4,201.72999572753903,140.31966393130753,262.4803360686925
2026-04-13,161.8,162.1719970703125,100.71966393130754,222.8803360686925
2026-04-14,142.5,141.5500030517578,81.41966393130753,203.58033606869247
2026-04-15,188.2,185.91700744628903,127.11966393130751,249.28033606869246
2026-04-16,134.1,130.58999633789062,73.01966393130752,195.18033606869247
2026-04-17,142.8,144.2989959716797,81.71966393130754,203.8803360686925
2026-04-18,141.2,141.3699951171875,80.11966393130751,202.28033606869246
2026-04-19,132.3,131.13999938964844,71.21966393130754,193.3803360686925
2026-04-20,186.7,185.5679931640625,125.61966393130751,247.78033606869246
2026-04-21,184.7,186.3070068359375,123.61966393130751,245.78033606869246
2026-04-22,145.0,142.36000061035156,83.91966393130753,206.08033606869247
2026-04-23,153.1,153.93600463867188,92.01966393130752,214.18033606869247
2026-04-24,230.3,226.32000732421875,169.21966393130754,291.3803360686925
2026-04-25,173.9,173.0030059814453,112.81966393130753,234.98033606869248
2026-04-26,206.2,207.2400054931641,145.1196639313075,267.28033606869246
2026-04-27,197.0,197.8999938964844,135.91966393130753,258.0803360686925
2026-04-28,149.3,148.99000549316406,88.21966393130754,210.3803360686925
2026-04-29,195.6,194.19000244140625,134.51966393130752,256.6803360686925
2026-04-30,139.9,140.8000030517578,78.81966393130753,200.98033606869248
2026-05-01,142.1,142.30499267578125,81.01966393130752,203.18033606869247
2026-05-02,193.5,192.07000732421875,132.41966393130753,254.58033606869247
2026-05-03,144.2,142.88699340820312,83.11966393130751,205.28033606869246
2026-05-04,144.1,146.0709991455078,83.01966393130752,205.18033606869247
2026-05-05,127.5,128.10000610351562,66.41966393130753,188.58033606869247
2026-05-06,171.7,171.02200317382812,110.61966393130751,232.78033606869246
2026-05-07,119.7,118.72000122070312,58.61966393130752,180.7803360686925
2026-05-08,225.1,228.38999938964844,164.01966393130752,286.1803360686925
2026-05-09,158.1,159.89999389648438,97.01966393130752,219.18033606869247
2026-05-10,198.0,194.88999938964844,136.91966393130753,259.0803360686925
2026-05-11,124.4,122.79499816894533,63.319663931307524,185.48033606869248
2026-05-12,224.0,226.6699981689453,162.91966393130753,285.0803360686925
2026-05-13,154.5,154.6739959716797,93.41966393130753,215.58033606869247
2026-05-14,139.7,140.0780029296875,78.61966393130751,200.78033606869246
2026-05-15,125.9,127.072998046875,64.81966393130753,186.98033606869248
2026-05-16,150.4,151.38999938964844,89.31966393130753,211.48033606869248
2026-05-17,126.6,126.31700134277344,65.51966393130752,187.68033606869247
2026-05-18,160.5,162.16000366210938,99.41966393130753,221.58033606869247
2026-05-19,146.3,146.01100158691406,85.21966393130754,207.3803360686925
2026-05-20,137.4,136.36000061035156,76.31966393130753,198.48033606869248
2026-05-21,144.6,143.61700439453125,83.51966393130752,205.68033606869247
2026-05-22,138.9,139.35800170898438,77.81966393130753,199.98033606869248
2026-05-23,133.0,131.91900634765625,71.91966393130753,194.08033606869247
2026-05-24,183.7,183.54600524902344,122.61966393130751,244.78033606869246
2026-05-25,165.8,168.60000610351562,104.71966393130754,226.8803360686925
2026-05-26,133.6,133.1699981689453,72.51966393130752,194.68033606869247
2026-05-27,154.3,154.44200134277344,93.21966393130754,215.3803360686925
2026-05-28,143.9,144.88400268554688,82.81966393130753,204.98033606869248
2026-05-29,181.8,181.7330017089844,120.71966393130754,242.8803360686925
2026-05-30,186.2,185.54400634765625,125.11966393130751,247.28033606869246
2026-05-31,196.2,196.27999877929688,135.1196639313075,257.28033606869246
2026-06-01,202.6,201.1999969482422,141.51966393130752,263.6803360686925
2026-06-02,137.9,137.83399963378906,76.81966393130753,198.98033606869248
2026-06-03,154.5,155.22999572753906,93.41966393130753,215.58033606869247
2026-06-04,148.2,148.14300537109375,87.11966393130751,209.28033606869246
2026-06-05,172.0,171.3679962158203,110.91966393130753,233.08033606869247
2026-06-06,223.1,224.0200042724609,162.01966393130752,284.1803360686925
2026-06-07,151.8,152.1580047607422,90.71966393130754,212.8803360686925
2026-06-08,172.3,172.42999267578125,111.21966393130754,233.3803360686925
2026-06-09,196.0,195.8300018310547,134.91966393130753,257.0803360686925
2026-06-10,211.4,211.74899291992188,150.31966393130753,272.4803360686925
2026-06-11,137.7,136.33999633789062,76.61966393130751,198.78033606869246
2026-06-12,185.9,185.83399963378903,124.81966393130753,246.98033606869248
2026-06-13,155.9,155.78799438476562,94.81966393130753,216.98033606869248
2026-06-14,147.3,146.7790069580078,86.21966393130754,208.3803360686925
2026-06-15,201.7,199.50999450683597,140.6196639313075,262.78033606869246
2026-06-16,173.9,178.822998046875,112.81966393130753,234.98033606869248
2026-06-17,152.1,153.91400146484375,91.01966393130752,213.18033606869247
2026-06-18,216.1,214.8699951171875,155.01966393130752,277.1803360686925
2026-06-19,147.2,146.7689971923828,86.11966393130751,208.28033606869246
2026-06-20,149.8,149.8300018310547,88.71966393130754,210.8803360686925
2026-06-21,159.6,157.5749969482422,98.51966393130752,220.68033606869247
2026-06-22,141.0,140.27000427246094,79.91966393130753,202.08033606869247
2026-06-23,198.7,198.72999572753903,137.6196639313075,259.78033606869246
2026-06-24,147.3,148.64013671875,86.21966393130754,208.3803360686925
2026-06-25,212.4,213.6199951171875,151.31966393130753,273.4803360686925
2026-06-26,140.2,135.6199951171875,79.11966393130751,201.28033606869246
2026-06-27,181.2,179.47000122070312,120.11966393130751,242.28033606869246
2026-06-28,145.1,145.322998046875,84.01966393130752,206.18033606869247
2026-06-29,119.7,120.26300048828124,58.61966393130752,180.7803360686925
2026-06-30,197.1,198.1100006103516,136.01966393130752,258.1803360686925
2026-07-01,203.2,204.44000244140625,142.1196639313075,264.28033606869246
2026-07-02,173.5,173.15499877929688,112.41966393130753,234.58033606869247
2026-07-03,198.5,199.83999633789065,137.41966393130753,259.5803360686925
2026-07-04,189.4,189.58999633789065,128.31966393130753,250.48033606869248
2026-07-05,194.3,194.1699981689453,133.21966393130754,255.3803360686925
2026-07-06,146.0,146.64999389648438,84.91966393130753,207.08033606869247
2026-07-07,154.2,154.4759979248047,93.11966393130751,215.28033606869246
2026-07-08,230.3,230.8999938964844,169.21966393130754,291.3803360686925
2026-07-09,209.3,210.91000366210935,148.21966393130754,270.3803360686925
2026-07-10,144.9,143.3860626220703,83.81966393130753,205.98033606869248
2026-07-11,234.4,236.83999633789065,173.31966393130753,295.4803360686925
2026-07-12,159.4,156.62100219726562,98.31966393130753,220.48033606869248
2026-07-13,210.9,208.4199981689453,149.81966393130753,271.9803360686925
2026-07-14,210.5,211.2899932861328,149.41966393130753,271.5803360686925
2026-07-15,170.0,170.4949951171875,108.91966393130753,231.08033606869247
2026-07-16,158.1,156.66000366210938,97.01966393130752,219.18033606869247
2026-07-17,180.4,182.59800720214844,119.31966393130753,241.48033606869248
2026-07-18,136.4,136.89999389648438,75.31966393130753,197.48033606869248
2026-07-19,190.9,190.1719970703125,129.81966393130753,251.98033606869248
2026-07-20,236.3,238.69000244140625,175.21966393130754,297.3803360686925
2026-07-21,141.2,140.8800048828125,80.11966393130751,202.28033606869246
2026-07-22,149.6,151.29800415039062,88.51966393130752,210.68033606869247
2026-07-23,210.7,209.9199981689453,149.6196639313075,271.78033606869246
2026-07-24,194.4,197.08999633789065,133.31966393130753,255.48033606869248
2026-07-25,134.4,134.4949951171875,73.31966393130753,195.48033606869248
2026-07-26,151.9,150.5760040283203,90.81966393130753,212.98033606869248
2026-07-27,157.6,158.75900268554688,96.51966393130752,218.68033606869247
2026-07-28,222.4,221.9900054931641,161.31966393130753,283.4803360686925
2026-07-29,225.7,223.72999572753903,164.6196639313075,286.78033606869246
2026-07-30,185.5,187.82400512695312,124.41966393130753,246.58033606869247
2026-07-31,204.2,202.4199981689453,143.1196639313075,265.28033606869246
2026-08-01,151.6,151.3000030517578,90.51966393130752,212.68033606869247
2026-08-02,223.4,224.6100006103516,162.31966393130753,284.4803360686925
2026-08-03,161.7,161.68899536132812,100.61966393130751,222.78033606869246
2026-08-04,142.4,139.16000366210938,81.31966393130753,203.48033606869248
2026-08-05,133.4,132.67999267578125,72.31966393130753,194.48033606869248
2026-08-06,141.1,141.13900756835938,80.01966393130752,202.18033606869247
2026-08-07,159.1,157.80999755859375,98.01966393130752,220.18033606869247
2026-08-08,149.8,149.23500061035156,88.71966393130754,210.8803360686925
2026-08-09,200.2,200.48899841308597,139.1196639313075,261.28033606869246
2026-08-10,139.6,139.99000549316406,78.51966393130752,200.68033606869247
2026-08-11,168.5,170.74600219726562,107.41966393130753,229.58033606869247
2026-08-12,173.8,174.5229949951172,112.71966393130754,234.8803360686925
2026-08-13,134.2,132.78799438476562,73.11966393130751,195.28033606869246
2026-08-14,196.3,194.22000122070312,135.21966393130754,257.3803360686925
2026-08-15,152.0,151.3699951171875,90.91966393130753,213.08033606869247
2026-08-16,238.5,237.63999938964844,177.41966393130753,299.5803360686925
2026-08-17,157.3,157.98800659179688,96.21966393130754,218.3803360686925
2026-08-18,152.3,152.13699340820312,91.21966393130754,213.3803360686925
2026-08-19,140.8,142.6909942626953,79.71966393130754,201.8803360686925
2026-08-20,208.5,208.6499938964844,147.41966393130753,269.5803360686925
2026-08-21,152.8,154.17999267578125,91.71966393130754,213.8803360686925
2026-08-22,143.6,142.77000427246094,82.51966393130752,204.68033606869247
2026-08-23,134.0,136.66700744628906,72.91966393130753,195.08033606869247
2026-08-24,130.8,128.36700439453125,69.71966393130754,191.8803360686925
2026-08-25,132.4,133.23199462890625,71.31966393130753,193.48033606869248
2026-08-26,127.8,125.75499725341795,66.71966393130751,188.8803360686925
2026-08-27,144.0,142.0540008544922,82.91966393130753,205.08033606869247
2026-08-28,144.2,142.8800048828125,83.11966393130751,205.28033606869246
2026-08-29,172.5,170.47000122070312,111.41966393130753,233.58033606869247
2026-08-30,132.8,134.25799560546875,71.71966393130754,193.8803360686925
2026-08-31,182.8,183.1790008544922,121.71966393130754,243.8803360686925
2026-09-01,130.3,129.89199829101562,69.21966393130754,191.3803360686925
2026-09-02,171.4,166.9510040283203,110.31966393130753,232.48033606869248
2026-09-03,126.4,125.97000122070312,65.31966393130753,187.48033606869248
2026-09-04,161.3,159.32000732421875,100.21966393130754,222.3803360686925
2026-09-05,191.9,192.4499969482422,130.81966393130753,252.98033606869248
2026-09-06,156.4,156.2480010986328,95.31966393130753,217.48033606869248
2026-09-07,144.2,142.91000366210938,83.11966393130751,205.28033606869246
2026-09-08,131.4,131.7100067138672,70.31966393130753,192.48033606869248
2026-09-09,151.4,150.39999389648438,90.31966393130753,212.48033606869248
2026-09-10,188.6,192.0959930419922,127.51966393130752,249.68033606869247
2026-09-11,235.8,236.9199981689453,174.71966393130754,296.8803360686925
2026-09-12,171.9,171.7100067138672,110.81966393130753,232.98033606869248
2026-09-13,165.2,163.72799682617188,104.11966393130751,226.28033606869246
2026-09-14,160.4,160.0989990234375,99.31966393130753,221.48033606869248
2026-09-15,137.8,136.56900024414062,76.71966393130754,198.8803360686925
2026-09-16,184.8,186.2270050048828,123.71966393130754,245.8803360686925
2026-09-17,182.6,181.83599853515625,121.51966393130752,243.68033606869247
2026-09-18,171.3,171.6999969482422,110.21966393130754,232.3803360686925
2026-09-19,147.2,147.6999969482422,86.11966393130751,208.28033606869246
2026-09-20,171.1,171.07000732421875,110.01966393130752,232.18033606869247
2026-09-21,233.7,233.4499969482422,172.6196639313075,294.78033606869246
2026-09-22,159.8,161.6999969482422,98.71966393130754,220.8803360686925
2026-09-23,130.9,130.29200744628906,69.81966393130753,191.98033606869248
2026-09-24,234.1,237.55999755859372,173.01966393130752,295.1803360686925
2026-09-25,152.0,152.39999389648438,90.91966393130753,213.08033606869247
2026-09-26,152.9,152.39999389648438,91.81966393130753,213.98033606869248
2026-09-27,195.9,195.1300048828125,134.81966393130753,256.9803360686925
2026-09-28,170.2,175.56199645996094,109.11966393130751,231.28033606869246
2026-09-29,139.8,140.49000549316406,78.71966393130754,200.8803360686925
2026-09-30,150.9,151.88999938964844,89.81966393130753,211.98033606869248
2026-10-01,185.7,185.1359405517578,124.61966393130751,246.78033606869246
2026-10-02,156.4,155.77200317382812,95.31966393130753,217.48033606869248
2026-10-03,187.9,189.72900390625,126.81966393130753,248.98033606869248
2026-10-04,142.0,141.77999877929688,80.91966393130753,203.08033606869247
2026-10-05,190.5,190.9669952392578,129.41966393130753,251.58033606869247
2026-10-06,194.1,193.0200042724609,133.01966393130752,255.18033606869247
2026-10-07,133.7,135.21200561523438,72.61966393130751,194.78033606869246
2026-10-08,210.9,209.6999969482422,149.81966393130753,271.9803360686925
2026-10-09,204.2,204.1699981689453,143.1196639313075,265.28033606869246
2026-10-10,124.8,124.62000274658205,63.719663931307515,185.8803360686925
2026-10-11,132.9,133.78550720214844,71.81966393130753,193.98033606869248
2026-10-12,200.0,198.05999755859372,138.91966393130753,261.0803360686925
2026-10-13,201.6,201.77999877929688,140.51966393130752,262.6803360686925
2026-10-14,163.1,163.58900451660156,102.01966393130752,224.18033606869247
2026-10-15,233.8,233.25999450683597,172.71966393130754,294.8803360686925
2026-10-16,191.9,194.8300018310547,130.81966393130753,252.98033606869248
2026-10-17,147.1,143.61500549316406,86.01966393130752,208.18033606869247
2026-10-18,152.5,152.1230010986328,91.41966393130753,213.58033606869247
2026-10-19,140.1,141.09800720214844,79.01966393130752,201.18033606869247
2026-10-20,194.3,196.3800048828125,133.21966393130754,255.3803360686925
2026-10-21,150.2,149.07000732421875,89.11966393130751,211.28033606869246
2026-10-22,202.5,203.1199951171875,141.41966393130753,263.5803360686925
2026-10-23,203.7,205.2400054931641,142.6196639313075,264.78033606869246
2026-10-24,154.9,152.63999938964844,93.81966393130753,215.98033606869248
2026-10-25,199.4,201.4900054931641,138.31966393130753,260.4803360686925
2026-10-26,135.2,136.7550048828125,74.11966393130751,196.28033606869246
2026-10-27,148.4,148.86000061035156,87.31966393130753,209.48033606869248
2026-10-28,131.1,131.73500061035156,70.01966393130752,192.18033606869247
2026-10-29,165.9,162.7310028076172,104.81966393130753,226.98033606869248
2026-10-30,148.4,148.14999389648438,87.31966393130753,209.48033606869248
2026-10-31,121.9,121.1230010986328,60.819663931307524,182.98033606869248
2026-11-01,191.4,189.3800048828125,130.31966393130753,252.48033606869248
2026-11-02,172.2,172.08700561523438,111.11966393130751,233.28033606869246
2026-11-03,164.7,169.11199951171875,103.61966393130751,225.78033606869246
2026-11-04,167.9,165.70599365234375,106.81966393130753,228.98033606869248
2026-11-05,153.0,153.10000610351562,91.91966393130753,214.08033606869247
2026-11-06,144.9,143.3800048828125,83.81966393130753,205.98033606869248
2026-11-07,192.6,193.5,131.51966393130752,253.68033606869247
2026-11-08,213.2,215.47999572753903,152.1196639313075,274.28033606869246
2026-11-09,162.1,164.9600067138672,101.01966393130752,223.18033606869247
2026-11-10,134.9,135.36900329589844,73.81966393130753,195.98033606869248
2026-11-11,142.6,142.13999938964844,81.51966393130752,203.68033606869247
2026-11-12,146.1,145.7449951171875,85.01966393130752,207.18033606869247
2026-11-13,151.5,151.17999267578125,90.41966393130753,212.58033606869247
2026-11-14,151.3,150.8800048828125,90.21966393130754,212.3803360686925
2026-11-15,202.4,199.9600067138672,141.31966393130753,263.4803360686925
2026-11-16,144.5,143.3939971923828,83.41966393130753,205.58033606869247
2026-11-17,151.5,152.67300415039062,90.41966393130753,212.58033606869247
2026-11-18,211.9,210.88999938964844,150.81966393130753,272.9803360686925
2026-11-19,137.1,136.552001953125,76.01966393130752,198.18033606869247
2026-11-20,193.0,193.44700622558597,131.91966393130753,254.08033606869247
2026-11-21,133.7,134.8209991455078,72.61966393130751,194.78033606869246
2026-11-22,173.7,175.2729949951172,112.61966393130751,234.78033606869246
2026-11-23,196.3,196.92999267578125,135.21966393130754,257.3803360686925
2026-11-24,149.5,150.1490020751953,88.41966393130753,210.58033606869247
2026-11-25,199.5,198.72999572753903,138.41966393130753,260.5803360686925
2026-11-26,169.3,164.93899536132812,108.21966393130754,230.3803360686925
2026-11-27,238.4,237.8600006103516,177.31966393130753,299.4803360686925
2026-11-28,196.0,196.9900054931641,134.91966393130753,257.0803360686925
2026-11-29,186.3,185.35699462890625,125.21966393130754,247.3803360686925
2026-11-30,148.5,148.0989990234375,87.41966393130753,209.58033606869247
2026-12-01,142.7,144.04800415039062,81.61966393130751,203.78033606869246
2026-12-02,151.2,149.05352783203125,90.11966393130751,212.28033606869246
2026-12-03,142.0,141.0850067138672,80.91966393130753,203.08033606869247
2026-12-04,181.3,181.68099975585935,120.21966393130754,242.3803360686925
2026-12-05,142.8,142.33999633789062,81.71966393130754,203.8803360686925
2026-12-06,172.5,168.99000549316406,111.41966393130753,233.58033606869247
2026-12-07,151.4,151.66900634765625,90.31966393130753,212.48033606869248
2026-12-08,133.7,131.73199462890625,72.61966393130751,194.78033606869246
2026-12-09,209.0,205.3800048828125,147.91966393130753,270.0803360686925
2026-12-10,198.3,196.5,137.21966393130754,259.3803360686925
2026-12-11,212.1,211.5800018310547,151.01966393130752,273.1803360686925
2026-12-12,176.5,174.72500610351562,115.41966393130753,237.58033606869247
2026-12-13,233.0,230.5800018310547,171.91966393130753,294.0803360686925
2026-12-14,235.5,232.55999755859372,174.41966393130753,296.5803360686925
2026-12-15,235.1,230.27999877929688,174.01966393130752,296.1803360686925
2026-12-16,135.3,133.12100219726562,74.21966393130754,196.3803360686925
2026-12-17,136.4,138.2209930419922,75.31966393130753,197.48033606869248
2026-12-18,210.9,211.63499450683597,149.81966393130753,271.9803360686925
2026-12-19,170.6,168.75900268554688,109.51966393130752,231.68033606869247
2026-12-20,125.7,125.97799682617188,64.61966393130751,186.7803360686925
2026-12-21,242.0,241.75,180.91966393130753,303.0803360686925
2026-12-22,170.1,169.02000427246094,109.01966393130752,231.18033606869247
2026-12-23,166.9,167.5570068359375,105.81966393130753,227.98033606869248
2026-12-24,163.5,167.09800720214844,102.41966393130753,224.58033606869247
2026-12-25,202.4,203.6300048828125,141.31966393130753,263.4803360686925
2026-12-26,139.4,139.67799377441406,78.31966393130753,200.48033606869248
2026-12-27,137.2,136.2100067138672,76.11966393130751,198.28033606869246
2026-12-28,133.7,133.9429931640625,72.61966393130751,194.78033606869246
2026-12-29,188.0,187.4669952392578,126.91966393130753,249.08033606869247
2026-12-30,135.4,129.55999755859375,74.31966393130753,196.48033606869248
2026-12-31,147.8,146.9510040283203,86.71966393130754,208.8803360686925
2027-01-01,130.5,126.79000091552734,69.41966393130753,191.58033606869247
2027-01-02,152.4,156.07699584960938,91.31966393130753,213.48033606869248
2027-01-03,142.8,144.3459930419922,81.71966393130754,203.8803360686925
2027-01-04,222.6,220.91000366210935,161.51966393130752,283.6803360686925
2027-01-05,205.5,204.91000366210935,144.41966393130753,266.5803360686925
2027-01-06,187.0,185.82000732421875,125.91966393130753,248.08033606869247
2027-01-07,158.3,155.18299865722656,97.21966393130754,219.3803360686925
2027-01-08,149.3,150.2270050048828,88.21966393130754,210.3803360686925
2027-01-09,139.4,140.85400390625,78.31966393130753,200.48033606869248
2027-01-10,240.1,239.72999572753903,179.01966393130752,301.1803360686925
2027-01-11,134.7,135.2969970703125,73.61966393130751,195.78033606869246
2027-01-12,157.5,163.7779998779297,96.41966393130753,218.58033606869247
2027-01-13,209.3,208.19000244140625,148.21966393130754,270.3803360686925
2027-01-14,143.6,145.87600708007812,82.51966393130752,204.68033606869247
2027-01-15,145.9,147.82400512695312,84.81966393130753,206.98033606869248
2027-01-16,129.6,129.2899932861328,68.51966393130752,190.68033606869247
2027-01-17,143.3,143.2899932861328,82.21966393130754,204.3803360686925
2027-01-18,212.0,214.13999938964844,150.91966393130753,273.0803360686925
2027-01-19,181.7,181.0200042724609,120.61966393130751,242.78033606869246
2027-01-20,211.8,209.97000122070312,150.71966393130754,272.8803360686925
2027-01-21,144.2,143.17300415039062,83.11966393130751,205.28033606869246
2027-01-22,135.9,135.98199462890625,74.81966393130753,196.98033606869248
2027-01-23,151.8,152.05999755859375,90.71966393130754,212.8803360686925
2027-01-24,141.3,141.2740020751953,80.21966393130754,202.3803360686925
2027-01-25,233.4,230.83999633789065,172.31966393130753,294.4803360686925
2027-01-26,176.2,173.85699462890625,115.11966393130751,237.28033606869246
2027-01-27,127.9,128.35000610351562,66.81966393130753,188.98033606869248
2027-01-28,162.8,161.75799560546875,101.71966393130754,223.8803360686925
2027-01-29,123.9,123.97000122070312,62.819663931307524,184.98033606869248
2027-01-30,182.5,184.08200073242188,121.41966393130753,243.58033606869247
2027-01-31,132.5,130.5850067138672,71.41966393130753,193.58033606869247
2027-02-01,156.0,155.27000427246094,94.91966393130753,217.08033606869247
2027-02-02,199.1,198.1199951171875,138.01966393130752,260.1803360686925
2027-02-03,140.6,140.80999755859375,79.51966393130752,201.68033606869247
2027-02-04,167.0,169.57200622558594,105.91966393130753,228.08033606869247
2027-02-05,204.3,203.07000732421875,143.21966393130754,265.3803360686925
2027-02-06,146.3,137.0709991455078,85.21966393130754,207.3803360686925
2027-02-07,182.4,182.75999450683597,121.31966393130753,243.48033606869248
2027-02-08,193.5,193.7700042724609,132.41966393130753,254.58033606869247
2027-02-09,120.2,119.37000274658205,59.11966393130752,181.2803360686925
2027-02-10,196.6,198.92999267578125,135.51966393130752,257.6803360686925
2027-02-11,152.2,153.64999389648438,91.11966393130751,213.28033606869246
2027-02-12,203.6,203.5200042724609,142.51966393130752,264.6803360686925
2027-02-13,142.9,141.7949981689453,81.81966393130753,203.98033606869248
2027-02-14,159.5,160.38699340820312,98.41966393130753,220.58033606869247
2027-02-15,144.3,142.42999267578125,83.21966393130754,205.3803360686925
2027-02-16,200.9,200.4900054931641,139.81966393130753,261.9803360686925
2027-02-17,210.4,210.8800048828125,149.31966393130753,271.4803360686925
2027-02-18,235.9,240.7700042724609,174.81966393130753,296.9803360686925
2027-02-19,144.3,144.4080047607422,83.21966393130754,205.3803360686925
2027-02-20,200.9,198.4900054931641,139.81966393130753,261.9803360686925
2027-02-21,130.6,129.2899932861328,69.51966393130752,191.68033606869247
2027-02-22,182.5,181.31399536132807,121.41966393130753,243.58033606869247
2027-02-23,153.5,151.57200622558594,92.41966393130753,214.58033606869247
2027-02-24,153.1,154.24400329589844,92.01966393130752,214.18033606869247
2027-02-25,202.0,201.2899932861328,140.91966393130753,263.0803360686925
2027-02-26,129.6,130.39500427246094,68.51966393130752,190.68033606869247
2027-02-27,194.8,196.77999877929688,133.71966393130754,255.8803360686925
2027-02-28,221.7,218.3500061035156,160.6196639313075,282.78033606869246
2027-03-01,151.0,150.46600341796875,89.91966393130753,212.08033606869247
2027-03-02,126.3,126.4260025024414,65.21966393130751,187.3803360686925
2027-03-03,186.2,186.6869964599609,125.11966393130751,247.28033606869246
2027-03-04,140.6,142.49099731445312,79.51966393130752,201.68033606869247
2027-03-05,211.4,211.33999633789065,150.31966393130753,272.4803360686925
2027-03-06,156.9,160.9340057373047,95.81966393130753,217.98033606869248
2027-03-07,140.3,136.97000122070312,79.21966393130754,201.3803360686925
2027-03-08,170.1,172.86099243164062,109.01966393130752,231.18033606869247
2027-03-09,203.0,204.3600006103516,141.91966393130753,264.0803360686925
2027-03-10,149.1,148.08200073242188,88.01966393130752,210.18033606869247
2027-03-11,144.1,143.74000549316406,83.01966393130752,205.18033606869247
2027-03-12,211.2,211.4900054931641,150.1196639313075,272.28033606869246
2027-03-13,141.0,139.7449951171875,79.91966393130753,202.08033606869247
2027-03-14,194.6,193.88999938964844,133.51966393130752,255.68033606869247
2027-03-15,143.3,144.75900268554688,82.21966393130754,204.3803360686925
2027-03-16,201.0,201.44000244140625,139.91966393130753,262.0803360686925
2027-03-17,202.6,201.00999450683597,141.51966393130752,263.6803360686925
2027-03-18,236.2,233.1499938964844,175.1196639313075,297.28033606869246
2027-03-19,129.1,128.39999389648438,68.01966393130752,190.18033606869247
2027-03-20,194.3,192.9969940185547,133.21966393130754,255.3803360686925
2027-03-21,135.6,136.32200622558594,74.51966393130752,196.68033606869247
2027-03-22,211.8,213.7100067138672,150.71966393130754,272.8803360686925
2027-03-23,146.5,144.09100341796875,85.41966393130753,207.58033606869247
2027-03-24,169.4,169.92599487304688,108.31966393130753,230.48033606869248
2027-03-25,137.7,137.33700561523438,76.61966393130751,198.78033606869246
2027-03-26,235.6,239.3999938964844,174.51966393130752,296.6803360686925
2027-03-27,148.0,146.3179931640625,86.91966393130753,209.08033606869247
2027-03-28,215.6,217.07000732421875,154.51966393130752,276.6803360686925
2027-03-29,132.6,130.8780059814453,71.51966393130752,193.68033606869247
2027-03-30,144.1,145.72799682617188,83.01966393130752,205.18033606869247
2027-03-31,200.9,200.3800048828125,139.81966393130753,261.9803360686925
2027-04-01,166.7,168.11099243164062,105.61966393130751,227.78033606869246
2027-04-02,205.0,206.9499969482422,143.91966393130753,266.0803360686925
2027-04-03,133.9,134.91200256347656,72.81966393130753,194.98033606869248
2027-04-04,151.4,151.27999877929688,90.31966393130753,212.48033606869248
2027-04-05,136.6,136.0030059814453,75.51966393130752,197.68033606869247
2027-04-06,141.4,141.1999969482422,80.31966393130753,202.48033606869248
2027-04-07,131.0,130.80999755859375,69.91966393130753,192.08033606869247
2027-04-08,137.4,138.43800354003906,76.31966393130753,198.48033606869248
2027-04-09,234.1,232.9499969482422,173.01966393130752,295.1803360686925
2027-04-10,120.8,120.3000030517578,59.719663931307515,181.8803360686925
2027-04-11,171.7,174.59300231933594,110.61966393130751,232.78033606869246
2027-04-12,134.3,131.3769989013672,73.21966393130754,195.3803360686925
2027-04-13,209.1,211.92999267578125,148.01966393130752,270.1803360686925
2027-04-14,148.2,150.44400024414062,87.11966393130751,209.28033606869246
2027-04-15,221.5,221.94000244140625,160.41966393130753,282.5803360686925
2027-04-16,200.1,201.1999969482422,139.01966393130752,261.1803360686925
2027-04-17,193.7,189.8800048828125,132.6196639313075,254.78033606869246
2027-04-18,177.8,178.05999755859375,116.71966393130754,238.8803360686925
2027-04-19,203.0,199.5200042724609,141.91966393130753,264.0803360686925
2027-04-20,124.4,125.20999908447266,63.319663931307524,185.48033606869248
2027-04-21,125.1,128.63999938964844,64.01966393130752,186.18033606869247
2027-04-22,153.6,157.7899932861328,92.51966393130752,214.68033606869247
2027-04-23,204.0,202.6300048828125,142.91966393130753,265.0803360686925
2027-04-24,146.3,146.90899658203125,85.21966393130754,207.3803360686925
2027-04-25,142.5,144.47000122070312,81.41966393130753,203.58033606869247
2027-04-26,132.9,132.3679962158203,71.81966393130753,193.98033606869248
2027-04-27,210.5,212.80999755859372,149.41966393130753,271.5803360686925
2027-04-28,130.1,129.00399780273438,69.01966393130752,191.18033606869247
2027-04-29,170.2,170.91700744628906,109.11966393130751,231.28033606869246
2027-04-30,211.5,211.8500061035156,150.41966393130753,272.5803360686925
2027-05-01,199.9,200.4199981689453,138.81966393130753,260.9803360686925
2027-05-02,128.8,128.46299743652344,67.71966393130754,189.8803360686925
2027-05-03,136.8,136.61300659179688,75.71966393130754,197.8803360686925
2027-05-04,135.0,134.78399658203125,73.91966393130753,196.08033606869247
2027-05-05,149.3,148.4654998779297,88.21966393130754,210.3803360686925
2027-05-06,136.8,135.7740020751953,75.71966393130754,197.8803360686925
2027-05-07,238.2,239.47999572753903,177.1196639313075,299.28033606869246
2027-05-08,182.7,183.4750061035156,121.61966393130751,243.78033606869246
2027-05-09,194.1,196.02999877929688,133.01966393130752,255.18033606869247
2027-05-10,140.1,140.42999267578125,79.01966393130752,201.18033606869247
2027-05-11,139.8,138.74600219726562,78.71966393130754,200.8803360686925
2027-05-12,131.3,132.30499267578125,70.21966393130754,192.3803360686925
2027-05-13,178.9,176.09500122070312,117.81966393130753,239.98033606869248
2027-05-14,143.5,142.80599975585938,82.41966393130753,204.58033606869247
2027-05-15,186.5,185.3999938964844,125.41966393130753,247.58033606869247
2027-05-16,148.8,149.24000549316406,87.71966393130754,209.8803360686925
2027-05-17,135.0,133.90699768066406,73.91966393130753,196.08033606869247
2027-05-18,123.1,124.62999725341795,62.01966393130751,184.18033606869247
2027-05-19,193.3,194.15899658203125,132.21966393130754,254.3803360686925
2027-05-20,155.4,155.25,94.31966393130753,216.48033606869248
2027-05-21,129.6,128.90499877929688,68.51966393130752,190.68033606869247
2027-05-22,136.1,134.19500732421875,75.01966393130752,197.18033606869247
2027-05-23,172.9,172.14999389648438,111.81966393130753,233.98033606869248
2027-05-24,128.3,127.37000274658205,67.21966393130754,189.3803360686925
2027-05-25,148.7,149.97000122070312,87.61966393130751,209.78033606869246
2027-05-26,203.9,202.1000061035156,142.81966393130753,264.9803360686925
2027-05-27,140.3,140.13400268554688,79.21966393130754,201.3803360686925
2027-05-28,143.5,142.2899932861328,82.41966393130753,204.58033606869247
2027-05-29,132.5,130.2530059814453,71.41966393130753,193.58033606869247
2027-05-30,161.6,160.38800048828125,100.51966393130752,222.68033606869247
2027-05-31,134.6,134.59100341796875,73.51966393130752,195.68033606869247
2027-06-01,124.6,124.02400207519533,63.51966393130751,185.68033606869247
2027-06-02,148.2,149.26499938964844,87.11966393130751,209.28033606869246
2027-06-03,161.0,164.625,99.91966393130753,222.08033606869247
2027-06-04,199.6,199.22300720214844,138.51966393130752,260.6803360686925
2027-06-05,172.3,172.27499389648438,111.21966393130754,233.3803360686925
2027-06-06,223.8,227.05999755859372,162.71966393130754,284.8803360686925
2027-06-07,162.4,162.39999389648438,101.31966393130753,223.48033606869248
2027-06-08,152.0,151.91000366210938,90.91966393130753,213.08033606869247
2027-06-09,190.8,191.7610015869141,129.71966393130754,251.8803360686925
2027-06-10,206.6,209.0,145.51966393130752,267.6803360686925
2027-06-11,223.1,224.42999267578125,162.01966393130752,284.1803360686925
2027-06-12,146.7,146.00900268554688,85.61966393130751,207.78033606869246
2027-06-13,159.3,159.36000061035156,98.21966393130754,220.3803360686925
2027-06-14,146.1,146.55999755859375,85.01966393130752,207.18033606869247
2027-06-15,150.5,151.4080047607422,89.41966393130753,211.58033606869247
2027-06-16,124.4,123.50299835205078,63.319663931307524,185.48033606869248
2027-06-17,178.8,175.97000122070312,117.71966393130754,239.8803360686925
2027-06-18,154.5,153.07699584960938,93.41966393130753,215.58033606869247
2027-06-19,190.6,187.88999938964844,129.51966393130752,251.68033606869247
2027-06-20,194.7,193.8600006103516,133.6196639313075,255.78033606869246
2027-06-21,209.3,203.77999877929688,148.21966393130754,270.3803360686925
2027-06-22,210.3,210.77999877929688,149.21966393130754,271.3803360686925
2027-06-23,146.7,147.46299743652344,85.61966393130751,207.78033606869246
2027-06-24,136.7,139.08999633789062,75.61966393130751,197.78033606869246
2027-06-25,135.5,135.9250030517578,74.41966393130753,196.58033606869247
2027-06-26,140.5,141.70799255371094,79.41966393130753,201.58033606869247
2027-06-27,135.1,133.54800415039062,74.01966393130752,196.18033606869247
2027-06-28,152.8,153.11900329589844,91.71966393130754,213.8803360686925
2027-06-29,204.0,200.6000061035156,142.91966393130753,265.0803360686925
2027-06-30,148.0,148.33200073242188,86.91966393130753,209.08033606869247
2027-07-01,146.3,145.36500549316406,85.21966393130754,207.3803360686925
2027-07-02,162.6,162.9949951171875,101.51966393130752,223.68033606869247
2027-07-03,171.5,170.46200561523438,110.41966393130753,232.58033606869247
2027-07-04,137.4,138.63400268554688,76.31966393130753,198.48033606869248
2027-07-05,130.4,129.24200439453125,69.31966393130753,191.48033606869248
2027-07-06,148.5,148.7270050048828,87.41966393130753,209.58033606869247
2027-07-07,237.8,235.9199981689453,176.71966393130754,298.8803360686925
2027-07-08,173.2,172.90199279785156,112.11966393130751,234.28033606869246
2027-07-09,152.0,151.88999938964844,90.91966393130753,213.08033606869247
2027-07-10,160.3,144.77999877929688,99.21966393130754,221.3803360686925
2027-07-11,137.2,138.04800415039062,76.11966393130751,198.28033606869246
2027-07-12,193.9,196.0399932861328,132.81966393130753,254.98033606869248
2027-07-13,138.4,138.19200134277344,77.31966393130753,199.48033606869248
2027-07-14,155.3,155.10499572753906,94.21966393130754,216.3803360686925
2027-07-15,119.9,121.75700378417967,58.819663931307524,180.98033606869248
2027-07-16,130.6,129.8000030517578,69.51966393130752,191.68033606869247
2027-07-17,150.4,150.08700561523438,89.31966393130753,211.48033606869248
2027-07-18,164.6,168.56300354003906,103.51966393130752,225.68033606869247
2027-07-19,236.3,239.1499938964844,175.21966393130754,297.3803360686925
2027-07-20,161.6,161.3699951171875,100.51966393130752,222.68033606869247
2027-07-21,133.2,133.83099365234375,72.11966393130751,194.28033606869246
2027-07-22,158.6,156.55999755859375,97.51966393130752,219.68033606869247
2027-07-23,143.9,144.55999755859375,82.81966393130753,204.98033606869248
2027-07-24,238.2,243.80999755859372,177.1196639313075,299.28033606869246
2027-07-25,120.4,119.6999969482422,59.319663931307524,181.48033606869248
2027-07-26,142.0,143.73500061035156,80.91966393130753,203.08033606869247
2027-07-27,132.2,131.85899353027344,71.11966393130751,193.28033606869246
2027-07-28,189.6,189.3090057373047,128.51966393130752,250.68033606869247
2027-07-29,186.4,188.44900512695312,125.31966393130753,247.48033606869248
2027-07-30,180.4,182.18499755859372,119.31966393130753,241.48033606869248
2027-07-31,160.0,161.06199645996094,98.91966393130753,221.08033606869247
2027-08-01,124.4,125.26000213623048,63.319663931307524,185.48033606869248
2027-08-02,224.7,224.94000244140625,163.6196639313075,285.78033606869246
2027-08-03,161.1,162.26499938964844,100.01966393130752,222.18033606869247
2027-08-04,247.4,246.97000122070312,186.31966393130753,308.4803360686925
2027-08-05,166.0,165.83999633789062,104.91966393130753,227.08033606869247
2027-08-06,177.0,173.89500427246094,115.91966393130753,238.08033606869247
2027-08-07,207.3,208.1499938964844,146.21966393130754,268.3803360686925
2027-08-08,145.2,143.91600036621094,84.11966393130751,206.28033606869246
2027-08-09,205.4,207.6100006103516,144.31966393130753,266.4803360686925
2027-08-10,143.0,142.677001953125,81.91966393130753,204.08033606869247
2027-08-11,196.4,195.1499938964844,135.31966393130753,257.4803360686925
2027-08-12,134.2,136.11900329589844,73.11966393130751,195.28033606869246
2027-08-13,177.7,177.58200073242188,116.61966393130751,238.78033606869246
2027-08-14,146.0,145.78199768066406,84.91966393130753,207.08033606869247
2027-08-15,152.9,155.25799560546875,91.81966393130753,213.98033606869248
2027-08-16,222.7,223.55999755859372,161.6196639313075,283.78033606869246
2027-08-17,186.6,186.1699981689453,125.51966393130752,247.68033606869247
2027-08-18,225.2,225.8600006103516,164.1196639313075,286.28033606869246
2027-08-19,145.6,145.55499267578125,84.51966393130752,206.68033606869247
2027-08-20,152.1,151.57400512695312,91.01966393130752,213.18033606869247
2027-08-21,156.1,156.96400451660156,95.01966393130752,217.18033606869247
2027-08-22,145.2,145.5,84.11966393130751,206.28033606869246
2027-08-23,205.4,204.9900054931641,144.31966393130753,266.4803360686925
2027-08-24,148.4,149.0399932861328,87.31966393130753,209.48033606869248
2027-08-25,170.2,171.06300354003906,109.11966393130751,231.28033606869246
2027-08-26,210.8,210.6000061035156,149.71966393130754,271.8803360686925
2027-08-27,170.7,169.5,109.61966393130751,231.78033606869246
2027-08-28,137.5,137.64100646972656,76.41966393130753,198.58033606869247
2027-08-29,138.6,138.1929931640625,77.51966393130752,199.68033606869247
2027-08-30,152.2,152.42999267578125,91.11966393130751,213.28033606869246
2027-08-31,182.0,182.47000122070312,120.91966393130753,243.08033606869247
2027-09-01,190.5,192.93600463867188,129.41966393130753,251.58033606869247
2027-09-02,197.1,195.97999572753903,136.01966393130752,258.1803360686925
2027-09-03,130.0,128.19000244140625,68.91966393130753,191.08033606869247
2027-09-04,187.3,187.0749969482422,126.21966393130754,248.3803360686925
2027-09-05,129.9,129.25399780273438,68.81966393130753,190.98033606869248
2027-09-06,203.2,203.18899536132807,142.1196639313075,264.28033606869246
2027-09-07,155.4,152.98599243164062,94.31966393130753,216.48033606869248
